trait	trait_id	annotation	published_label	is_primary	annotation_interpretation	enrichment_off	enrichment_on	absolute_change	relative_change_percent	annotation_h2_off	annotation_h2_on	annotation_weight_sum	annotation_weight_fraction	status_off	status_on	optimizer
weight	21002_irnt	base		False	type_not_verified	1.0	1.0	0.0	0.0	0.2876854738070883	0.28806430335111	7218135.0	1.0	stationary	stationary	ai
weight	21002_irnt	Coding_UCSC	Coding	True	published_binary	8.283636729259731	8.223861167082484	-0.05977556217724711	-0.7216101349073689	0.03604533884921997	0.035832354685234956	109178.0	0.015125513723420246	stationary	stationary	ai
weight	21002_irnt	Coding_UCSC.flanking.500		False	type_not_verified	1.4761244311922617	1.483409643635446	0.0072852124431843635	0.4935364722132629	0.021557099723494545	0.021692018759096113	366416.0	0.05076325117222108	stationary	stationary	ai
weight	21002_irnt	Conserved_LindbladToh	Conserved	True	published_binary	8.626232032735095	8.527932952654231	-0.09829908008086363	-1.1395367027902226	0.06896173692832268	0.0682656678994195	200583.0	0.027788757068134638	stationary	stationary	ai
weight	21002_irnt	Conserved_LindbladToh.flanking.500		False	type_not_verified	1.4851807011254292	1.4933981461133934	0.008217444987964173	0.5532959714422025	0.13661442431353157	0.13755119817570355	2307939.0	0.31974173384122073	stationary	stationary	ai
weight	21002_irnt	CTCF_Hoffman		False	type_not_verified	1.2102443521341228	1.234569579101688	0.024325226967565117	2.009943440320172	0.00820383073814763	0.00837974318502519	170079.0	0.0235627346953195	stationary	stationary	ai
weight	21002_irnt	CTCF_Hoffman.flanking.500		False	type_not_verified	1.2591468773526386	1.2509173426262805	-0.008229534726358123	-0.6535802037376914	0.01675584114798564	0.01666824847973582	333885.0	0.04625640833816491	stationary	stationary	ai
weight	21002_irnt	DGF_ENCODE		False	type_not_verified	2.1215808598867385	2.115736335797772	-0.0058445240889666294	-0.2754796764747658	0.0852258339723812	0.08510297191010716	1007903.0	0.13963482256843354	stationary	stationary	ai
weight	21002_irnt	DGF_ENCODE.flanking.500		False	type_not_verified	1.0309271705515357	1.0348253204533535	0.0038981499018178045	0.3781207841997647	0.12089721151840326	0.12151415065024715	2942357.0	0.4076339663915956	stationary	stationary	ai
weight	21002_irnt	DHS_peaks_Trynka		False	type_not_verified	2.6274800125476445	2.612092684456078	-0.015387328091566399	-0.5856306429766756	0.08738509388878761	0.08698773641981129	834459.0	0.11560590097026448	stationary	stationary	ai
weight	21002_irnt	DHS_Trynka	DHS	True	published_binary	2.306792826573329	2.3017740510385436	-0.005018775534785469	-0.21756507463397412	0.11547805575429748	0.11537854863486602	1256024.0	0.1740094913713861	stationary	stationary	ai
weight	21002_irnt	DHS_Trynka.flanking.500		False	type_not_verified	0.8869079420041475	0.8917851390177816	0.004877197013634094	0.5499101747373114	0.0857633693096501	0.08634854663190088	2426221.0	0.3361285151912509	stationary	stationary	ai
weight	21002_irnt	Enhancer_Andersson		False	type_not_verified	3.3869835492521747	3.383224999151583	-0.0037585501005916733	-0.1109704268100642	0.0042736919347994605	0.004274570832015756	31659.0	0.004386036005145373	stationary	stationary	ai
weight	21002_irnt	Enhancer_Andersson.flanking.500		False	type_not_verified	1.7934955365825682	1.8151529868460576	0.02165745026348942	1.2075552919834198	0.007643723776109584	0.007746212908911758	106933.0	0.014814491554951521	stationary	stationary	ai
weight	21002_irnt	Enhancer_Hoffman	Enhancer	True	published_binary	2.921924571316919	2.917278935574067	-0.004645635742851706	-0.1589923226785417	0.03612931481979456	0.036119372090089086	310240.0	0.04298063142349097	stationary	stationary	ai
weight	21002_irnt	Enhancer_Hoffman.flanking.500		False	type_not_verified	1.592203745255195	1.6077668611518001	0.015563115896605195	0.9774575611308345	0.02186826907801576	0.02211110014208945	344606.0	0.04774169505003716	stationary	stationary	ai
weight	21002_irnt	FetalDHS_Trynka		False	type_not_verified	3.1164627552616215	3.0896380301628463	-0.026824725098775204	-0.8607426818589836	0.07913301402227434	0.07855518928249518	637093.0	0.0882628268936505	stationary	stationary	ai
weight	21002_irnt	FetalDHS_Trynka.flanking.500		False	type_not_verified	1.2551737377033008	1.269884458121265	0.014710720417964174	1.1720067091972153	0.07379322204831065	0.07475639470464522	1475094.0	0.20435943633639436	stationary	stationary	ai
weight	21002_irnt	H3K27ac_Hnisz		False	type_not_verified	1.4165432993267324	1.4158406375589994	-0.0007026617677330371	-0.049603973847256455	0.16115807597964682	0.1612902458324846	2854495.0	0.39546157005930205	stationary	stationary	ai
weight	21002_irnt	H3K27ac_Hnisz.flanking.500		False	type_not_verified	1.0179815080721786	1.052521679336804	0.034540171264625386	3.3930057658941637	0.00918441909744383	0.009508551536974623	226370.0	0.031361286537311926	stationary	stationary	ai
weight	21002_irnt	H3K27ac_PGC2		False	type_not_verified	1.7079901395454153	1.7085286678624487	0.0005385283170333821	0.03152994297594969	0.1335864123719885	0.13380449661014224	1962384.0	0.27186856438678414	stationary	stationary	ai
weight	21002_irnt	H3K27ac_PGC2.flanking.500		False	type_not_verified	0.9445505624625351	0.952870552174781	0.008319989712245901	0.8808411156471019	0.01809930202710043	0.01828277155133744	480777.0	0.06660681741197691	stationary	stationary	ai
weight	21002_irnt	H3K4me1_peaks_Trynka		False	type_not_verified	1.9604066210733646	1.963367849104182	0.002961228030817331	0.15105172564637837	0.09976767663030421	0.10004995179188103	1276882.0	0.1768991574693463	stationary	stationary	ai
weight	21002_irnt	H3K4me1_Trynka		False	type_not_verified	1.5075997770566414	1.5110744367479876	0.0034746596913461936	0.23047626725773984	0.19007704679074708	0.190766003113193	3163375.0	0.43825378716247343	stationary	stationary	ai
weight	21002_irnt	H3K4me1_Trynka.flanking.500		False	type_not_verified	0.9222838540641415	0.9163369241066859	-0.0059469299574556045	-0.6448047345998575	0.04788152190055502	0.04763542429492459	1302598.0	0.18046185060268338	stationary	stationary	ai
weight	21002_irnt	H3K4me3_peaks_Trynka		False	type_not_verified	2.921417491770994	2.9050042198586445	-0.016413271912349536	-0.5618256191928128	0.03493772831279197	0.03478718737301174	300060.0	0.04157029481992232	stationary	stationary	ai
weight	21002_irnt	H3K4me3_Trynka		False	type_not_verified	2.412350179321132	2.4140936094580923	0.0017434301369601002	0.07227102233766658	0.09235770943983727	0.09254616353264829	960594.0	0.13308063648019883	stationary	stationary	ai
weight	21002_irnt	H3K4me3_Trynka.flanking.500		False	type_not_verified	0.9734642177204299	0.9810277615724061	0.007563543851976218	0.7769719435284372	0.033884125173065854	0.03419236123965833	873340.0	0.12099247243228341	stationary	stationary	ai
weight	21002_irnt	H3K9ac_peaks_Trynka		False	type_not_verified	3.135332836740818	3.1375122612520534	0.0021794245112354282	0.06951174324130172	0.03578537891160057	0.0358574095559483	286371.0	0.03967382156194086	stationary	stationary	ai
weight	21002_irnt	H3K9ac_Trynka		False	type_not_verified	2.6939190791087206	2.694707553606578	0.0007884744978574609	0.02926867788910492	0.10009850089767747	0.10025964853927724	932288.0	0.1291591248986061	stationary	stationary	ai
weight	21002_irnt	H3K9ac_Trynka.flanking.500		False	type_not_verified	0.9635806370566028	0.9704742776768146	0.006893640620211805	0.7154191725219139	0.028909373821407774	0.029154537770254466	752762.0	0.10428760337677254	stationary	stationary	ai
weight	21002_irnt	Intron_UCSC		False	type_not_verified	1.127197609125066	1.1283358713153455	0.0011382621902795709	0.10098160083600316	0.12981795953150033	0.13012017109610796	2889627.0	0.4003287552809694	stationary	stationary	ai
weight	21002_irnt	Intron_UCSC.flanking.500		False	type_not_verified	7.856733392639633	7.802175296033638	-0.05455809660599531	-0.6944119633371604	0.02186575877242802	0.021742513618872826	69828.0	0.009673967028879344	stationary	stationary	ai
weight	21002_irnt	PromoterFlanking_Hoffman		False	type_not_verified	1.1050816675999608	1.1907942288581415	0.08571256125818061	7.756219632557371	0.0026820187543607323	0.002893847680231283	60894.0	0.00843625119230937	stationary	stationary	ai
weight	21002_irnt	PromoterFlanking_Hoffman.flanking.500		False	type_not_verified	2.558112364109715	2.570689400129332	0.012577036019616905	0.49165299367113224	0.01811226953174369	0.01822528688012691	177648.0	0.024611343511862827	stationary	stationary	ai
weight	21002_irnt	Promoter_UCSC	Promoter	True	published_binary	3.05881123285778	3.053801529661697	-0.00500970319608296	-0.16377941673120233	0.03969203158956284	0.039679205808931736	325580.0	0.04510583412474275	stationary	stationary	ai
weight	21002_irnt	Promoter_UCSC.flanking.500		False	type_not_verified	1.6243504402142868	1.678810504067333	0.05446006385304614	3.3527287280361584	0.004807721531452498	0.004975454546673953	74262.0	0.010288253129097752	stationary	stationary	ai
weight	21002_irnt	Repressed_Hoffman	Repressed	True	published_binary	0.6939733269856437	0.6943408936137991	0.0003675666281554024	0.05296552675186916	0.09124594036466713	0.09141448723712815	3298966.0	0.4570385563583945	stationary	stationary	ai
weight	21002_irnt	Repressed_Hoffman.flanking.500		False	type_not_verified	0.749453700589066	0.7483996078535404	-0.0010540927355255914	-0.14064814606921106	0.056131999690436106	0.056126862766193185	1879199.0	0.2603441193604719	stationary	stationary	ai
weight	21002_irnt	SuperEnhancer_Hnisz		False	type_not_verified	1.7010602701486908	1.6981842232253963	-0.002876046923294462	-0.16907378143885543	0.08320631552988372	0.08317501782840982	1227280.0	0.17002729929545513	stationary	stationary	ai
weight	21002_irnt	SuperEnhancer_Hnisz.flanking.500		False	verified_binary	0.7756712922892626	1.0116523320343986	0.23598103974513607	30.422814675618316	0.0006958988944582292	0.0009088060842746006	22510.0	0.003118534081171937	stationary	stationary	ai
weight	21002_irnt	TFBS_ENCODE		False	type_not_verified	2.205685203507416	2.201315912442873	-0.0043692910645432015	-0.19809223263570486	0.08465785488095635	0.08460141244134323	963010.0	0.13341534897864893	stationary	stationary	ai
weight	21002_irnt	TFBS_ENCODE.flanking.500		False	type_not_verified	1.0081544003237417	1.0155483043067914	0.007393903983049732	0.7334098805376721	0.0618500633801251	0.062385720489512096	1539289.0	0.21325300787530296	stationary	stationary	ai
weight	21002_irnt	Transcr_Hoffman		False	type_not_verified	1.1723084082109843	1.1692218180886187	-0.0030865901223655623	-0.2632916475516778	0.11888639218045767	0.11872951384842736	2544470.0	0.35251072472321454	stationary	stationary	ai
weight	21002_irnt	Transcr_Hoffman.flanking.500		False	type_not_verified	0.7155233725240431	0.7197773044772302	0.004253931953187129	0.5945203352590855	0.0859316636791762	0.08655637403345368	3013259.0	0.41745672531755085	stationary	stationary	ai
weight	21002_irnt	TSS_Hoffman		False	type_not_verified	5.690531604612363	5.636698961231683	-0.05383264338068017	-0.9460037676804589	0.02932451663561028	0.02908535536839669	129296.0	0.017912660264735973	stationary	stationary	ai
weight	21002_irnt	TSS_Hoffman.flanking.500		False	type_not_verified	2.432491151139885	2.471648266394782	0.03915711525489707	1.6097536567213355	0.011332779065849391	0.011530372330966418	116894.0	0.01619448791135106	stationary	stationary	ai
weight	21002_irnt	UTR_3_UCSC		False	type_not_verified	5.849978289532467	5.8076556093307685	-0.04232268020169805	-0.7234673037578188	0.01914376576287743	0.01903029336323077	82107.0	0.011375098969470646	stationary	stationary	ai
weight	21002_irnt	UTR_3_UCSC.flanking.500		False	type_not_verified	2.5916383126684535	2.6181313632607237	0.02649305059227025	1.022251078121772	0.011142330995737594	0.011271056010712979	107872.0	0.01494458055993688	stationary	stationary	ai
weight	21002_irnt	UTR_5_UCSC		False	type_not_verified	5.511430839561115	5.500309058527325	-0.011121781033789802	-0.20179480351921741	0.008681748436233795	0.008675638335923807	39523.0	0.005475514104405085	stationary	stationary	ai
weight	21002_irnt	UTR_5_UCSC.flanking.500		False	type_not_verified	2.8576618707326777	2.8515902664091466	-0.0060716043235311545	-0.2124675555815303	0.01736302955076359	0.01734895412573048	152448.0	0.02112013698829407	stationary	stationary	ai
weight	21002_irnt	WeakEnhancer_Hoffman		False	type_not_verified	1.9010048903481016	1.9268136331420933	0.0258087427939917	1.357636843809784	0.011837729108996381	0.012014242251460546	156240.0	0.021645480446126318	stationary	stationary	ai
weight	21002_irnt	WeakEnhancer_Hoffman.flanking.500		False	type_not_verified	1.4362663482928195	1.4417375201367812	0.005471171843961731	0.3809301701223289	0.028202668747366995	0.028347380485439767	492677.0	0.06825544271477328	stationary	stationary	ai
weight	21002_irnt	GERP.NS		False	type_not_verified	1.8976809516593334	1.8941176848535561	-0.003563266805777232	-0.18776954064178009	1.0137078851513828	1.0131368132953886	13402835.684000004	1.8568280704087696	stationary	stationary	ai
weight	21002_irnt	GERP.RSsup4		False	type_not_verified	12.591403035680022	12.396722729364683	-0.19468030631533928	-1.5461367233157164	0.03413680254593062	0.03365325785858494	68023.0	0.00942390243463166	stationary	stationary	ai
weight	21002_irnt	MAFbin1		False	type_not_verified	0.556569973317324	0.5602420515830226	0.0036720782656985973	0.6597693806246641	0.011989791146348242	0.012084788662391911	540504.0	0.07488139249265911	stationary	stationary	ai
weight	21002_irnt	MAFbin2		False	type_not_verified	0.7391844876115445	0.7416440920969514	0.00245960448540683	0.3327456848227772	0.015578738812431917	0.01565115902519377	528794.0	0.07325908977873093	stationary	stationary	ai
weight	21002_irnt	MAFbin3		False	type_not_verified	0.7645312725556956	0.7662849212608601	0.001753648705164479	0.22937566691056954	0.016116989560519403	0.016175229843003867	528927.0	0.07327751559093866	stationary	stationary	ai
weight	21002_irnt	MAFbin4		False	type_not_verified	0.9243336361480363	0.925686211398409	0.0013525752503726896	0.14632976638275785	0.019685695130864145	0.019740461581719097	534354.0	0.07402937185297864	stationary	stationary	ai
weight	21002_irnt	MAFbin5		False	type_not_verified	1.379084122705492	1.3749116382524353	-0.004172484453056624	-0.3025547451645738	0.028732620764012663	0.02868341002850989	522747.0	0.07242133875301585	stationary	stationary	ai
weight	21002_irnt	MAFbin6		False	type_not_verified	1.3063634037581031	1.3052091355178936	-0.0011542682402094773	-0.08835736188635979	0.02763998223620197	0.0276519249567664	530861.0	0.07354545183762842	stationary	stationary	ai
weight	21002_irnt	MAFbin7		False	type_not_verified	1.71463730739397	1.707791150594284	-0.006846156799686032	-0.39927725648821744	0.03629114037580548	0.036193836139943196	531050.0	0.07357163588655519	stationary	stationary	ai
weight	21002_irnt	MAFbin8		False	type_not_verified	1.5351772956472527	1.5327899990528149	-0.0023872965944378155	-0.1555062468163504	0.03249828785761391	0.03249047878753819	531140.0	0.07358410448128222	stationary	stationary	ai
weight	21002_irnt	MAFbin9		False	type_not_verified	1.6579619780102064	1.6528110737745338	-0.005150904235672549	-0.3106768613508448	0.035317835805415906	0.03525447415292909	534474.0	0.07404599664594802	stationary	stationary	ai
weight	21002_irnt	MAFbin10		False	type_not_verified	1.6889033243301126	1.6832357809900411	-0.005667543340071468	-0.335575355819695	0.035100736200036745	0.03502901296991771	521457.0	0.07224262222859507	stationary	stationary	ai
weight	21002_irnt	MAF_Adj_Predicted_Allele_Age		False	type_not_verified	-53.25310134015306	-53.06772802624021	0.18537331391284795	-0.34809862570966965	-0.09696063706626709	-0.09675035352764301	45683.31617238036	0.006328963946002722	stationary	stationary	ai
weight	21002_irnt	MAF_Adj_LLD_AFR		False	type_not_verified	17.654659989648593	17.739420352940872	0.0847603632922791	0.4801019297000053	-0.06690319429964865	-0.06731292015486873	-95081.17995245186	-0.01317254109994505	stationary	stationary	ai
weight	21002_irnt	Recomb_Rate_10kb		False	type_not_verified	0.903353497654995	0.9092156585108608	0.005862160855865883	0.648933210651581	0.39712430169711394	0.4002277073270822	11030007.319450203	1.5280965678045926	stationary	stationary	ai
weight	21002_irnt	Nucleotide_Diversity_10kb		False	type_not_verified	0.8430146912307613	0.843502332233837	0.00048764100307563396	0.05784489975657614	1.069984616675029	1.072013338724926	31845601.595034003	4.411887779188669	stationary	stationary	ai
weight	21002_irnt	Backgrd_Selection_Stat		False	type_not_verified	1.4084253488652725	1.4059462634500908	-0.0024790854151817143	-0.17601823321193866	0.07406160525973851	0.07402859735703023	1319369.2410000006	0.18278533734822092	stationary	stationary	ai
weight	21002_irnt	CpG_Content_50kb		False	type_not_verified	1.2106900638172353	1.2105660972644576	-0.00012396655277768787	-0.01023933015414924	0.003449465282319858	0.0034536539346560883	71486.80165521296	0.009903777313005777	stationary	stationary	ai
weight	21002_irnt	MAF_Adj_ASMC		False	type_not_verified	35.39392765412992	35.18315836918751	-0.21076928494240832	-0.595495608744101	-0.12327749551191958	-0.1227047508296533	-87390.07473948754	-0.012107015834351607	stationary	stationary	ai
weight	21002_irnt	GTEx_eQTL_MaxCPP		False	type_not_verified	4.269773646403633	4.250189328285921	-0.019584318117711774	-0.4586734506220824	0.009894515618665212	0.009862101621471484	58142.90851	0.008055115138467208	stationary	stationary	ai
weight	21002_irnt	BLUEPRINT_H3K27acQTL_MaxCPP		False	type_not_verified	2.3898527032335446	2.393353700259767	0.003500997026222308	0.14649425972927954	0.009135335634398214	0.009160765577999155	95909.23801300001	0.013287260215138676	stationary	stationary	ai
weight	21002_irnt	BLUEPRINT_H3K4me1QTL_MaxCPP		False	type_not_verified	2.7656601716516507	2.7688297022100223	0.003169530558371658	0.11460303730947974	0.008439033986053415	0.008459830786564586	76559.83474299996	0.01060659501976618	stationary	stationary	ai
weight	21002_irnt	BLUEPRINT_DNA_methylation_MaxCPP		False	type_not_verified	2.864122641897547	2.857500399016673	-0.006622242880874207	-0.23121366326991355	0.020803960144779844	0.020783190244214763	182247.45379400006	0.025248551571008308	stationary	stationary	ai
weight	21002_irnt	synonymous		False	type_not_verified	2.765168372903643	2.9271257984988703	0.1619574255952272	5.8570547523353556	0.0026252731881441158	0.0027826963632455585	23821.0	0.0033001599443623596	stationary	stationary	ai
weight	21002_irnt	non_synonymous		False	type_not_verified	18.192274608714552	17.916922462789135	-0.27535214592541735	-1.5135663453184511	0.01566803761798537	0.015451211156451605	21609.0	0.002993709593960213	stationary	stationary	ai
weight	21002_irnt	Conserved_Vertebrate_phastCons46way		False	type_not_verified	8.489692680464055	8.375940354822315	-0.1137523256417392	-1.3398874367207547	0.07455220760678033	0.07365014827625159	220331.0	0.030524643831128125	stationary	stationary	ai
weight	21002_irnt	Conserved_Vertebrate_phastCons46way.flanking.500		False	type_not_verified	1.2113459206351525	1.22547830961332	0.014132388978167487	1.166668309805119	0.13578470898604086	0.13754975601481173	2812482.0	0.3896410915007824	stationary	stationary	ai
weight	21002_irnt	Conserved_Mammal_phastCons46way		False	type_not_verified	10.040362422612729	9.906148296916443	-0.13421412569628544	-1.3367458269634813	0.06932149738567418	0.06848490875720302	173231.0	0.023999412590648417	stationary	stationary	ai
weight	21002_irnt	Conserved_Mammal_phastCons46way.flanking.500		False	type_not_verified	1.3988369207174596	1.408386425384613	0.00954950466715343	0.6826746224467328	0.1333252002104656	0.1344121411414003	2391400.0	0.3313044158913625	stationary	stationary	ai
weight	21002_irnt	Conserved_Primate_phastCons46way		False	type_not_verified	11.468949675477578	11.30625150588515	-0.1626981695924279	-1.4185969438884394	0.07311496138862421	0.07217266809925119	159952.0	0.022159740708645653	stationary	stationary	ai
weight	21002_irnt	Conserved_Primate_phastCons46way.flanking.500		False	type_not_verified	2.200333658468541	2.2024415210669654	0.002107862598424326	0.09579740737555298	0.10476704810123935	0.10500550356188858	1194657.0	0.1655077107867891	stationary	stationary	ai
weight	21002_irnt	BivFlnk		False	type_not_verified	6.158059053227027	6.126309160405275	-0.03174989282175211	-0.5155827923591261	0.023796657047660923	0.023705139893780383	96957.0	0.01343241709943081	stationary	stationary	ai
weight	21002_irnt	BivFlnk.flanking.500		False	type_not_verified	2.6408055864585633	2.6649207564190767	0.024115169960513327	0.9131747556188952	0.012823558576867185	0.012957700576701257	121837.0	0.016879290841747902	stationary	stationary	ai
weight	21002_irnt	Human_Promoter_Villar		False	type_not_verified	5.651984556255259	5.6205996925537685	-0.03138486370149085	-0.5552892685588784	0.025361470541496994	0.02525385202302199	112585.0	0.015597519303809086	stationary	stationary	ai
weight	21002_irnt	Human_Promoter_Villar.flanking.500		False	type_not_verified	1.1118432668099567	1.3103537759767114	0.19851050916675472	17.854180988684742	0.0011462584931446976	0.0013526924670281774	25867.0	0.003583612664490204	stationary	stationary	ai
weight	21002_irnt	Human_Enhancer_Villar		False	type_not_verified	1.8102864005165809	1.8127145736798065	0.002428173163225633	0.13413198942071602	0.017693430689587585	0.017740493527870393	245229.0	0.033974011292390624	stationary	stationary	ai
weight	21002_irnt	Human_Enhancer_Villar.flanking.500		False	verified_binary	0.7925850861761778	0.9378407763965311	0.14525569022035323	18.326826072534175	0.0022134562720917835	0.0026225614490417042	70070.0	0.009707493694700916	stationary	stationary	ai
weight	21002_irnt	Ancient_Sequence_Age_Human_Promoter		False	type_not_verified	13.886206379073919	13.62093311721484	-0.26527326185907896	-1.9103364491171448	0.01793945216488483	0.01761991999445486	32414.0	0.004490633660911025	stationary	stationary	ai
weight	21002_irnt	Ancient_Sequence_Age_Human_Promoter.flanking.500		False	type_not_verified	4.33461244993853	4.391551098042281	0.05693864810375082	1.3135810585455765	0.006805362104626326	0.006903835194279347	39392.0	0.005457365372080184	stationary	stationary	ai
weight	21002_irnt	Ancient_Sequence_Age_Human_Enhancer		False	type_not_verified	4.980390098572569	4.914970934601123	-0.06541916397144565	-1.3135349375583139	0.007959375715033582	0.007865169914824704	40098.0	0.005555174570716674	stationary	stationary	ai
weight	21002_irnt	Ancient_Sequence_Age_Human_Enhancer.flanking.500		False	type_not_verified	2.1430785545863213	2.240791222766103	0.09771266817978175	4.559453407373737	0.005739248841214953	0.006008829349831259	67193.0	0.00930891428326015	stationary	stationary	ai
weight	21002_irnt	Human_Enhancer_Villar_Species_Enhancer_Count		False	type_not_verified	2.572149562499964	2.5707074113914627	-0.0014421511085012106	-0.0560679335885661	0.05196577870021579	0.05200503369186106	506907.0	0.07022686608105834	stationary	stationary	ai
weight	21002_irnt	Human_Promoter_Villar_ExAC		False	type_not_verified	11.191033662952941	11.124789607739345	-0.06624405521359655	-0.5919386645479641	0.008762240482845508	0.008721843374068545	19645.0	0.0027216171490281075	stationary	stationary	ai
weight	21002_irnt	Human_Promoter_Villar_ExAC.flanking.500		False	verified_binary	0.17453451570994247	0.5993806606259072	0.42484614491596473	243.41669221577536	3.0725690928794655e-05	0.00010565609838151029	4417.0	0.0006119309212144135	stationary	stationary	ai
hemoglobin	30020_irnt	base		False	type_not_verified	1.0	1.0	0.0	0.0	0.19372157740238755	0.1941715051981841	7218151.0	1.0	stationary	stationary	ai
hemoglobin	30020_irnt	Coding_UCSC	Coding	True	published_binary	11.65239970358904	11.436109598529452	-0.21629010505958846	-1.8561850825711823	0.03414588243500528	0.033589905077060896	109187.0	0.015126727052398876	stationary	stationary	ai
hemoglobin	30020_irnt	Coding_UCSC.flanking.500		False	type_not_verified	2.176418409047522	2.1871374834333817	0.010719074385859617	0.492509819862752	0.02140382408496042	0.021559196277634605	366435.0	0.05076577090171707	stationary	stationary	ai
hemoglobin	30020_irnt	Conserved_LindbladToh	Conserved	True	published_binary	10.451445914035613	10.22831393982311	-0.22313197421250308	-2.1349388022268934	0.0562646373977533	0.055191309300229204	200589.0	0.027789526708432672	stationary	stationary	ai
hemoglobin	30020_irnt	Conserved_LindbladToh.flanking.500		False	type_not_verified	1.3284057896523804	1.3381411056882593	0.00973531603587885	0.7328570916893096	0.0822837154421976	0.08307924596967767	2307975.0	0.31974601251761015	stationary	stationary	ai
hemoglobin	30020_irnt	CTCF_Hoffman		False	type_not_verified	1.8355888091298012	1.853776261122996	0.018187451993194825	0.9908238654939838	0.008378925760710634	0.008481599438780098	170083.0	0.023563236623894403	stationary	stationary	ai
hemoglobin	30020_irnt	CTCF_Hoffman.flanking.500		False	type_not_verified	1.596539596542853	1.594919477782233	-0.0016201187606199596	-0.10147689190598275	0.014306728736115265	0.014325405067726086	333894.0	0.04625755266133945	stationary	stationary	ai
hemoglobin	30020_irnt	DGF_ENCODE		False	type_not_verified	3.8606063076314174	3.793684443988472	-0.06692186364294539	-1.733454755815378	0.1044326257888048	0.10286067883659965	1007926.0	0.13963769946070675	stationary	stationary	ai
hemoglobin	30020_irnt	DGF_ENCODE.flanking.500		False	type_not_verified	1.0438685412407942	1.0639400145242028	0.020071473283408636	1.9227970276363138	0.08243152907662094	0.08421165252615213	2942358.0	0.4076332013558597	stationary	stationary	ai
hemoglobin	30020_irnt	DHS_peaks_Trynka		False	type_not_verified	4.44855725029106	4.372302825341207	-0.07625442494985268	-1.7141383297891388	0.09962800302057383	0.09814766576158405	834469.0	0.11560703011061974	stationary	stationary	ai
hemoglobin	30020_irnt	DHS_Trynka	DHS	True	published_binary	3.6420518036670324	3.5755828161064587	-0.06646898756057373	-1.8250423427159657	0.1227723546841241	0.12081164798469562	1256037.0	0.1740109066712514	stationary	stationary	ai
hemoglobin	30020_irnt	DHS_Trynka.flanking.500		False	type_not_verified	0.6713240279377488	0.702702053704335	0.031378025766586215	4.6740507505707685	0.04371348966179912	0.04586295247144505	2426226.0	0.33612846281547726	stationary	stationary	ai
hemoglobin	30020_irnt	Enhancer_Andersson		False	type_not_verified	8.017956037433882	7.761900911506578	-0.25605512592730406	-3.1935212008128433	0.006813030483261176	0.00661077317552158	31661.0	0.0043863033621768235	stationary	stationary	ai
hemoglobin	30020_irnt	Enhancer_Andersson.flanking.500		False	type_not_verified	2.6809993385647815	2.719472057136025	0.03847271857124346	1.4350141015640583	0.007694219168391631	0.007822758936983053	106934.0	0.014814597256277958	stationary	stationary	ai
hemoglobin	30020_irnt	Enhancer_Hoffman	Enhancer	True	published_binary	5.849242110237272	5.768486744929086	-0.08075536530818628	-1.3806124586097979	0.048703864416964615	0.04814300818476607	310250.0	0.042981921547498796	stationary	stationary	ai
hemoglobin	30020_irnt	Enhancer_Hoffman.flanking.500		False	type_not_verified	4.411867087278342	4.434416505569913	0.022549418291570866	0.5111082869334815	0.040803132717343586	0.0411069325357575	344603.0	0.04774117360526262	stationary	stationary	ai
hemoglobin	30020_irnt	FetalDHS_Trynka		False	type_not_verified	4.963409546510708	4.883248723270117	-0.08016082324059148	-1.6150354406467393	0.08486824154567897	0.08369151658365435	637108.0	0.08826470934176911	stationary	stationary	ai
hemoglobin	30020_irnt	FetalDHS_Trynka.flanking.500		False	type_not_verified	1.4791237299390743	1.4947331590576927	0.015609429118618401	1.0553159822039637	0.05855681037901157	0.05931220604158438	1475098.0	0.20435953750482638	stationary	stationary	ai
hemoglobin	30020_irnt	H3K27ac_Hnisz		False	type_not_verified	2.1578825913764157	2.1545413909259903	-0.003341200450425408	-0.15483698991677342	0.16531525648190248	0.16544264554639768	2854520.0	0.39546415695653914	stationary	stationary	ai
hemoglobin	30020_irnt	H3K27ac_Hnisz.flanking.500		False	type_not_verified	1.1281306790741468	1.1249293366382218	-0.0032013424359249587	-0.28377407824351497	0.006853873268731511	0.006850297034972865	226373.0	0.03136163263971618	stationary	stationary	ai
hemoglobin	30020_irnt	H3K27ac_PGC2		False	type_not_verified	2.7109179363377978	2.6937031774103937	-0.017214758927404095	-0.6350158629537694	0.14277587595754745	0.1421987246828795	1962395.0	0.2718694856896177	stationary	stationary	ai
hemoglobin	30020_irnt	H3K27ac_PGC2.flanking.500		False	type_not_verified	0.6925363594991775	0.763347032263658	0.0708106727644805	10.22483105662333	0.008936197308708947	0.009872785278229212	480793.0	0.06660888640317998	stationary	stationary	ai
hemoglobin	30020_irnt	H3K4me1_peaks_Trynka		False	type_not_verified	2.8744936509913726	2.8507852088756285	-0.023708442115744077	-0.8247867274838949	0.09850756731576595	0.09792199157820691	1276898.0	0.176900981982782	stationary	stationary	ai
hemoglobin	30020_irnt	H3K4me1_Trynka		False	type_not_verified	1.9461915002946224	1.9448453727513324	-0.0013461275432899988	-0.06916727069695705	0.16523185355047296	0.16550106077639581	3163415.0	0.43825835729953555	stationary	stationary	ai
hemoglobin	30020_irnt	H3K4me1_Trynka.flanking.500		False	type_not_verified	0.5752954445951562	0.5737926075456102	-0.001502837049546013	-0.261228741451891	0.020111665690736642	0.020105716541580575	1302582.0	0.18045923395063362	stationary	stationary	ai
hemoglobin	30020_irnt	H3K4me3_peaks_Trynka		False	type_not_verified	5.322745119876121	5.225322014260857	-0.09742310561526413	-1.8303169402470232	0.04286602145366473	0.04217917358869307	300072.0	0.04157186514939906	stationary	stationary	ai
hemoglobin	30020_irnt	H3K4me3_Trynka		False	type_not_verified	4.411614536690881	4.367633994501339	-0.043980542189542504	-0.9969262233534115	0.11373792110203051	0.11286556630146119	960629.0	0.13308519037631658	stationary	stationary	ai
hemoglobin	30020_irnt	H3K4me3_Trynka.flanking.500		False	type_not_verified	1.045029171978706	1.0907731481304943	0.04574397615178838	4.37729179035018	0.024494230443841008	0.025625793624396837	873340.0	0.12099220423623723	stationary	stationary	ai
hemoglobin	30020_irnt	H3K9ac_peaks_Trynka		False	type_not_verified	6.432949749218172	6.308612597334799	-0.12433715188337313	-1.932817085948546	0.049444215736931675	0.04860116650424035	286387.0	0.039675950253742265	stationary	stationary	ai
hemoglobin	30020_irnt	H3K9ac_Trynka		False	type_not_verified	4.2264012495832715	4.202401146232325	-0.02400010335094649	-0.5678614483968558	0.10575123096950556	0.10539492814253036	932315.0	0.12916257917020577	stationary	stationary	ai
hemoglobin	30020_irnt	H3K9ac_Trynka.flanking.500		False	type_not_verified	1.6752510651508783	1.6871682455211081	0.011917180370229818	0.7113668284196351	0.03384578753729007	0.034165722926868924	752788.0	0.10429097423980185	stationary	stationary	ai
hemoglobin	30020_irnt	Intron_UCSC		False	type_not_verified	1.207542421206831	1.2122268927041027	0.004684471497271581	0.3879343213955	0.09364877012632314	0.09423041344757387	2889666.0	0.40033327094431803	stationary	stationary	ai
hemoglobin	30020_irnt	Intron_UCSC.flanking.500		False	type_not_verified	15.680286292173767	15.381403696344886	-0.2988825958288803	-1.9061042015416252	0.02938945932668063	0.028896222980711515	69837.0	0.009675192441942542	stationary	stationary	ai
hemoglobin	30020_irnt	PromoterFlanking_Hoffman		False	type_not_verified	4.265771360479783	4.439752740945276	0.17398138046549327	4.0785444357694045	0.006971694923074933	0.007272891101379315	60896.0	0.008436509571495526	stationary	stationary	ai
hemoglobin	30020_irnt	PromoterFlanking_Hoffman.flanking.500		False	type_not_verified	2.911691195197739	2.877420664041036	-0.03427053115670331	-1.176997451282813	0.013882883235482608	0.013751346218705853	177657.0	0.024612535814227218	stationary	stationary	ai
hemoglobin	30020_irnt	Promoter_UCSC	Promoter	True	published_binary	3.988626573002736	3.965169799523855	-0.023456773478880866	-0.5880914908818369	0.034854576334156034	0.03473007491856028	325600.0	0.045108504934296884	stationary	stationary	ai
hemoglobin	30020_irnt	Promoter_UCSC.flanking.500		False	type_not_verified	3.1670545665739414	3.2898641345359474	0.12280956796200604	3.8777218826027138	0.006312275089178972	0.006572276623825795	74264.0	0.01028850740307317	stationary	stationary	ai
hemoglobin	30020_irnt	Repressed_Hoffman	Repressed	True	published_binary	0.13125943711159863	0.13510266412204286	0.0038432270104442334	2.9279624345613042	0.011621350321545425	0.011989400536103095	3298937.0	0.4570335256217278	stationary	stationary	ai
hemoglobin	30020_irnt	Repressed_Hoffman.flanking.500		False	type_not_verified	0.6624103876477261	0.6694873274924507	0.007076939844724572	1.068361845872512	0.03340807703053675	0.033843417026609826	1879197.0	0.2603432651935378	stationary	stationary	ai
hemoglobin	30020_irnt	SuperEnhancer_Hnisz		False	type_not_verified	3.0149898814302807	2.9996754577851794	-0.015314423645101272	-0.5079427874509546	0.09930762854857296	0.09903267786075386	1227283.0	0.1700273380260402	stationary	stationary	ai
hemoglobin	30020_irnt	SuperEnhancer_Hnisz.flanking.500		False	verified_binary	0.01246925253462907	0.0897621283028987	0.07729287576826963	619.8677551329977	7.53299968489635e-06	5.435358205014925e-05	22510.0	0.0031185271685227976	stationary	stationary	ai
hemoglobin	30020_irnt	TFBS_ENCODE		False	type_not_verified	4.474872499732133	4.421948543328339	-0.052923956403794215	-1.1826919405404812	0.11565847889320509	0.11455604085735949	963041.0	0.13341934797429425	stationary	stationary	ai
hemoglobin	30020_irnt	TFBS_ENCODE.flanking.500		False	type_not_verified	0.7574493839155668	0.7732947722605044	0.01584538834493754	2.0919402248406715	0.031291337251677064	0.03202012930812055	1539283.0	0.2132517039335974	stationary	stationary	ai
hemoglobin	30020_irnt	Transcr_Hoffman		False	type_not_verified	1.215321374779014	1.216767318397856	0.0014459436188420938	0.11897623532746149	0.08299402358073255	0.08328575374207867	2544507.0	0.352515069302374	stationary	stationary	ai
hemoglobin	30020_irnt	Transcr_Hoffman.flanking.500		False	type_not_verified	0.48275202438609544	0.4892113565350253	0.006459332148929853	1.3380227990020366	0.03904019903860437	0.03965445178788943	3013255.0	0.41745524581018045	stationary	stationary	ai
hemoglobin	30020_irnt	TSS_Hoffman		False	type_not_verified	11.821333474326888	11.473866903391192	-0.3474665709356959	-2.939317900897642	0.041023287657203464	0.039909960862115255	129304.0	0.01791372887599608	stationary	stationary	ai
hemoglobin	30020_irnt	TSS_Hoffman.flanking.500		False	type_not_verified	2.104008500329363	2.4696706874119054	0.3656621870825423	17.379311301513333	0.006601008922252262	0.007766214427341581	116899.0	0.016195144712267726	stationary	stationary	ai
hemoglobin	30020_irnt	UTR_3_UCSC		False	type_not_verified	4.8623411211311	4.817304704450574	-0.04503641668052527	-0.9262290645303151	0.010715685398808095	0.01064109079014389	82115.0	0.011376182072112374	stationary	stationary	ai
hemoglobin	30020_irnt	UTR_3_UCSC.flanking.500		False	type_not_verified	2.969557191761294	2.9416195631643993	-0.027937628596894637	-0.9408011630287705	0.008597747080665404	0.008536640196722133	107880.0	0.01494565575034382	stationary	stationary	ai
hemoglobin	30020_irnt	UTR_5_UCSC		False	type_not_verified	10.086084467662413	9.994404061722609	-0.09168040593980464	-0.9089791606816999	0.010699081928869167	0.010626452768975708	39525.0	0.005475779046462175	stationary	stationary	ai
hemoglobin	30020_irnt	UTR_5_UCSC.flanking.500		False	type_not_verified	3.8762790516046106	3.82638656199215	-0.04989248961246062	-1.2871232681715084	0.01586061907066472	0.01569283627380221	152459.0	0.021121614108654697	stationary	stationary	ai
hemoglobin	30020_irnt	WeakEnhancer_Hoffman		False	type_not_verified	2.704734452066803	2.7476587324206267	0.042924280353823896	1.587005346163406	0.011341603390692363	0.011548354708779844	156242.0	0.021645709545283828	stationary	stationary	ai
hemoglobin	30020_irnt	WeakEnhancer_Hoffman.flanking.500		False	type_not_verified	2.994166146958535	2.972311991445331	-0.02185415551320391	-0.7298912097915222	0.03959099240840774	0.03939330209287824	492684.0	0.06825626119486833	stationary	stationary	ai
hemoglobin	30020_irnt	GERP.NS		False	type_not_verified	1.7789464967539865	1.7699346174314818	-0.00901187932250469	-0.5065851805519994	0.6399039939309576	0.6381410144002876	13402934.667500004	1.8568376676381533	stationary	stationary	ai
hemoglobin	30020_irnt	GERP.RSsup4		False	type_not_verified	11.282270304198928	11.065496102235352	-0.21677420196357566	-1.9213703990312858	0.02059731923888103	0.020248487570354308	68024.0	0.009424020084922024	stationary	stationary	ai
hemoglobin	30020_irnt	MAFbin1		False	type_not_verified	0.7439026152276487	0.7444048406260064	0.0005022253983577585	0.06751225067329614	0.010791132657662223	0.010823497845757696	540504.0	0.07488122650800738	stationary	stationary	ai
hemoglobin	30020_irnt	MAFbin2		False	type_not_verified	0.543703901139223	0.5606076932569316	0.01690379211770865	3.1090069580685498	0.007716156039047984	0.007974530185038155	528794.0	0.07325892739013079	stationary	stationary	ai
hemoglobin	30020_irnt	MAFbin3		False	type_not_verified	1.0644252368781348	1.0624716415117468	-0.001953595366388061	-0.18353523560920015	0.015109946736093867	0.01511724383764978	528927.0	0.07327735316149524	stationary	stationary	ai
hemoglobin	30020_irnt	MAFbin4		False	type_not_verified	1.2663144451328985	1.2549572936467648	-0.011357151486133699	-0.8968666139587245	0.01816028497897804	0.01803921131037689	534354.0	0.07402920775694495	stationary	stationary	ai
hemoglobin	30020_irnt	MAFbin5		False	type_not_verified	0.9279679432289831	0.9330024094931809	0.00503446626419779	0.5425258815169531	0.013018967908949847	0.013120000410787312	522747.0	0.07242117822140323	stationary	stationary	ai
hemoglobin	30020_irnt	MAFbin6		False	type_not_verified	1.581920783966272	1.5738665593342522	-0.008054224632019658	-0.5091420957138992	0.022538114791570956	0.02247544311571382	530861.0	0.07354528881426836	stationary	stationary	ai
hemoglobin	30020_irnt	MAFbin7		False	type_not_verified	1.5715494020909813	1.5693217689395236	-0.0022276331514576864	-0.14174757398613957	0.02239832203900737	0.022418520415630826	531050.0	0.07357147280515468	stationary	stationary	ai
hemoglobin	30020_irnt	MAFbin8		False	type_not_verified	1.1036408928666857	1.101068584160017	-0.002572308706668691	-0.2330747912019815	0.01573217710294748	0.01573196294872358	531140.0	0.07358394137224339	stationary	stationary	ai
hemoglobin	30020_irnt	MAFbin9		False	type_not_verified	2.1926350627900644	2.180553918737035	-0.012081144053029291	-0.5509874514939339	0.031451761355716194	0.03135111185782816	534474.0	0.07404583251306325	stationary	stationary	ai
hemoglobin	30020_irnt	MAFbin10		False	type_not_verified	1.660946932499081	1.6526542265408488	-0.008292705958232283	-0.4992757923791724	0.02324482561019381	0.023182487516992065	521457.0	0.0722424620931316	stationary	stationary	ai
hemoglobin	30020_irnt	MAF_Adj_Predicted_Allele_Age		False	type_not_verified	-45.05754231614858	-44.153198280251225	0.9043440358973527	-2.0070869146656456	-0.05524298725119264	-0.05425994182708292	45683.31617238034	0.0063289499170051085	stationary	stationary	ai
hemoglobin	30020_irnt	MAF_Adj_LLD_AFR		False	type_not_verified	27.86695485294863	27.813563205509283	-0.05339164743934788	-0.19159483955492052	-0.07111088937059215	-0.07113948664397134	-95081.17995245176	-0.013172511901240603	stationary	stationary	ai
hemoglobin	30020_irnt	Recomb_Rate_10kb		False	type_not_verified	0.9521473212226697	0.9588611671721924	0.006713845949522734	0.7051268012707723	0.28185601933532567	0.28450270192868227	11029888.710776199	1.5280767485712337	stationary	stationary	ai
hemoglobin	30020_irnt	Nucleotide_Diversity_10kb		False	type_not_verified	0.8717758769394538	0.8730360409171664	0.0012601639777125584	0.1445513704894763	0.7450865443454824	0.7478965783952245	31845629.59503399	4.411881878757314	stationary	stationary	ai
hemoglobin	30020_irnt	Backgrd_Selection_Stat		False	type_not_verified	1.5854336504660282	1.5799840899739022	-0.005449560492126082	-0.3437268087834622	0.05614042334527749	0.0560773943448744	1319397.2600000002	0.18278881392201413	stationary	stationary	ai
hemoglobin	30020_irnt	CpG_Content_50kb		False	type_not_verified	1.445092690614211	1.4432542368527332	-0.0018384537614777319	-0.12722047335913533	0.0027725346108138536	0.0027754385336186496	71487.356595213	0.009903832241139455	stationary	stationary	ai
hemoglobin	30020_irnt	MAF_Adj_ASMC		False	type_not_verified	33.89288399581253	33.39815150876694	-0.4947324870455958	-1.4596942741925467	-0.07949186194045997	-0.07851345256120483	-87390.07473948758	-0.012106988997526871	stationary	stationary	ai
hemoglobin	30020_irnt	GTEx_eQTL_MaxCPP		False	type_not_verified	2.7455790142621526	2.805333889233615	0.05975487497146226	2.176403398374638	0.0042843311847299325	0.00438774264650743	58142.948916	0.008055102881056382	stationary	stationary	ai
hemoglobin	30020_irnt	BLUEPRINT_H3K27acQTL_MaxCPP		False	type_not_verified	3.5329230713117914	3.5124736949845716	-0.02044937632721977	-0.5788231420399081	0.009093826311680313	0.009062187742484558	95909.238013	0.013287230762143934	stationary	stationary	ai
hemoglobin	30020_irnt	BLUEPRINT_H3K4me1QTL_MaxCPP		False	type_not_verified	4.991333730704154	5.005552244878723	0.014218514174569208	0.28486402516234577	0.010255802045473737	0.010308904589067705	76559.83474299997	0.010606571508825456	stationary	stationary	ai
hemoglobin	30020_irnt	BLUEPRINT_DNA_methylation_MaxCPP		False	type_not_verified	3.5333200041698216	3.512397938739204	-0.020922065430617476	-0.5921361610588982	0.017282098468727435	0.017219665754798382	182247.45379399986	0.025248495604206653	stationary	stationary	ai
hemoglobin	30020_irnt	synonymous		False	type_not_verified	6.981610264761317	7.025047970651652	0.043437705890335465	0.6221731698427879	0.004463793401554569	0.004501997807014236	23823.0	0.0033004297083837676	stationary	stationary	ai
hemoglobin	30020_irnt	non_synonymous		False	type_not_verified	31.206855838569755	30.426049730337347	-0.780806108232408	-2.5020338872696724	0.01810076821813581	0.017688868926040432	21612.0	0.0029941185769042514	stationary	stationary	ai
hemoglobin	30020_irnt	Conserved_Vertebrate_phastCons46way		False	type_not_verified	8.488215992599661	8.313165058705659	-0.17505093389400272	-2.062281803934052	0.050194243915208214	0.049273271553018486	220336.0	0.030525268867331815	stationary	stationary	ai
hemoglobin	30020_irnt	Conserved_Vertebrate_phastCons46way.flanking.500		False	type_not_verified	1.1736815927757447	1.1852863435580079	0.011604750782263196	0.9887477876191264	0.08859232381207645	0.08967607288667698	2812508.0	0.3896438298395254	stationary	stationary	ai
hemoglobin	30020_irnt	Conserved_Mammal_phastCons46way		False	type_not_verified	10.464982699877595	10.237030888469741	-0.2279518114078538	-2.1782340013855928	0.04865485568971055	0.04770558087541144	173235.0	0.023999913551268185	stationary	stationary	ai
hemoglobin	30020_irnt	Conserved_Mammal_phastCons46way.flanking.500		False	type_not_verified	1.3779545527887032	1.3846319856442346	0.006677432855531462	0.4845902095985455	0.08843912135174972	0.08907408820918032	2391429.0	0.33130769916007574	stationary	stationary	ai
hemoglobin	30020_irnt	Conserved_Primate_phastCons46way		False	type_not_verified	10.66644095189107	10.447178888734838	-0.21926206315623276	-2.055625340684597	0.04578929501559858	0.044952200417379524	159953.0	0.022159830128241985	stationary	stationary	ai
hemoglobin	30020_irnt	Conserved_Primate_phastCons46way.flanking.500		False	type_not_verified	2.516629320587146	2.498416822182111	-0.018212498405035138	-0.7236861724549071	0.08069018253787177	0.0802922894843953	1194674.0	0.16550969909052887	stationary	stationary	ai
hemoglobin	30020_irnt	BivFlnk		False	type_not_verified	7.9294378071988945	7.796765938026731	-0.13267186917216378	-1.6731560597110007	0.020633745963238914	0.020335632247398833	96958.0	0.01343252586431068	stationary	stationary	ai
hemoglobin	30020_irnt	BivFlnk.flanking.500		False	type_not_verified	3.885349570803008	3.9975348473723455	0.11218527656933741	2.8873921001180802	0.012705026857645149	0.013102230855850163	121841.0	0.01687980758507269	stationary	stationary	ai
hemoglobin	30020_irnt	Human_Promoter_Villar		False	type_not_verified	9.405576443959674	9.30830475320825	-0.09727169075142506	-1.034191698201481	0.028422630594072944	0.028194016351126762	112597.0	0.015599147205426985	stationary	stationary	ai
hemoglobin	30020_irnt	Human_Promoter_Villar.flanking.500		False	type_not_verified	9.240612709753501	9.138266243298737	-0.10234646645476353	-1.1075722970916857	0.006416024567050417	0.006359698940611524	25871.0	0.0035841588794692713	stationary	stationary	ai
hemoglobin	30020_irnt	Human_Enhancer_Villar		False	type_not_verified	6.348239127541782	6.310905447657577	-0.03733367988420522	-0.5880950470538049	0.04177998535251011	0.041630744714030346	245224.0	0.033973243286265414	stationary	stationary	ai
hemoglobin	30020_irnt	Human_Enhancer_Villar.flanking.500		False	verified_binary	5.584756875598605	5.550178571481306	-0.03457830411729912	-0.619155048062725	0.010502996335200701	0.01046220918862042	70074.0	0.009708026335276168	stationary	stationary	ai
hemoglobin	30020_irnt	Ancient_Sequence_Age_Human_Promoter		False	type_not_verified	20.060649651805253	19.680380717949323	-0.3802689338559304	-1.8955963064820835	0.01745083676459401	0.017159801472391153	32413.0	0.004490485167184781	stationary	stationary	ai
hemoglobin	30020_irnt	Ancient_Sequence_Age_Human_Promoter.flanking.500		False	type_not_verified	7.454533056568513	7.376778650516514	-0.07775440605199879	-1.0430486451929566	0.007882985818246636	0.007818880092057126	39402.0	0.0054587386714409275	stationary	stationary	ai
hemoglobin	30020_irnt	Ancient_Sequence_Age_Human_Enhancer		False	type_not_verified	19.800508163219995	19.31545034389257	-0.4850578193274231	-2.449724094598904	0.021306817580986348	0.020833133184734887	40095.0	0.005554746638024059	stationary	stationary	ai
hemoglobin	30020_irnt	Ancient_Sequence_Age_Human_Enhancer.flanking.500		False	type_not_verified	6.572201508022032	6.663403447983455	0.09120193996142323	1.3876923866394275	0.0118518715524698	0.012044247604245734	67193.0	0.009308893648802859	stationary	stationary	ai
hemoglobin	30020_irnt	Human_Enhancer_Villar_Species_Enhancer_Count		False	type_not_verified	8.324264553781227	8.251340388003834	-0.07292416577739225	-0.8760433466073247	0.11324195210743651	0.1125106093867911	506885.0	0.07022366254183378	stationary	stationary	ai
hemoglobin	30020_irnt	Human_Promoter_Villar_ExAC		False	type_not_verified	13.995913412549672	13.750041835936727	-0.24587157661294512	-1.7567383375813095	0.007378005716107374	0.007265228207880456	19642.0	0.002721195497295637	stationary	stationary	ai
hemoglobin	30020_irnt	Human_Promoter_Villar_ExAC.flanking.500		False	verified_binary	6.245061879480283	6.570988758476901	0.32592687899661765	5.218953555408823	0.0007403143690720376	0.0007807601838571408	4417.0	0.0006119295647874365	stationary	stationary	ai
