annotation	exact	screened	absolute_change	relative_change_percent
base	1.0	1.0	0.0	0.0
Coding_UCSC	8.223861167082484	8.224004866913909	0.00014369983142437093	0.0017473523507449684
Coding_UCSC.flanking.500	1.483409643635446	1.483280400790808	-0.00012924284463800007	-0.008712552543566066
Conserved_LindbladToh	8.527932952654231	8.528311061535018	0.00037810888078659843	0.004433769389211584
Conserved_LindbladToh.flanking.500	1.4933981461133934	1.4932245911257571	-0.00017355498763627075	-0.011621481390478028
CTCF_Hoffman	1.234569579101688	1.2346589848063059	8.940570461790642e-05	0.007241852231842927
CTCF_Hoffman.flanking.500	1.2509173426262805	1.250959774556147	4.243192986641553e-05	0.0033920650406304986
DGF_ENCODE	2.115736335797772	2.1157673224448406	3.0986647068687034e-05	0.0014645798034562674
DGF_ENCODE.flanking.500	1.0348253204533535	1.034819935545877	-5.384907476591039e-06	-0.0005203687395538559
DHS_peaks_Trynka	2.612092684456078	2.61208392381715	-8.76063892807366e-06	-0.0003353877517486836
DHS_Trynka	2.3017740510385436	2.3017510548084337	-2.299623010992846e-05	-0.0009990654860181358
DHS_Trynka.flanking.500	0.8917851390177816	0.8919090204015213	0.00012388138373975455	0.01389139360139513
Enhancer_Andersson	3.383224999151583	3.384147512386417	0.0009225132348338327	0.02726727412647456
Enhancer_Andersson.flanking.500	1.8151529868460576	1.8151259106592195	-2.7076186838170813e-05	-0.0014916751940097228
Enhancer_Hoffman	2.917278935574067	2.917476401147416	0.00019746557334876513	0.006768827311676162
Enhancer_Hoffman.flanking.500	1.6077668611518001	1.6075185724905776	-0.0002482886612225066	-0.01544307618360774
FetalDHS_Trynka	3.0896380301628463	3.0896602585832573	2.222842041099682e-05	0.0007194506344676554
FetalDHS_Trynka.flanking.500	1.269884458121265	1.269898927080703	1.4468959438129758e-05	0.001139391804150236
H3K27ac_Hnisz	1.4158406375589994	1.415844825148037	4.187589037529804e-06	0.0002957669759107162
H3K27ac_Hnisz.flanking.500	1.052521679336804	1.0526006022234746	7.89228866706626e-05	0.0074984571073466455
H3K27ac_PGC2	1.7085286678624487	1.7085889410954607	6.027323301194265e-05	0.0035277858748017366
H3K27ac_PGC2.flanking.500	0.952870552174781	0.952677318574988	-0.0001932335997929524	-0.020279102901432644
H3K4me1_peaks_Trynka	1.963367849104182	1.9632665327382315	-0.00010131636595045457	-0.005160335389864379
H3K4me1_Trynka	1.5110744367479876	1.5109833167683164	-9.111997967115038e-05	-0.006030145005120335
H3K4me1_Trynka.flanking.500	0.9163369241066859	0.9166611459929705	0.0003242218862846702	0.035382388044746804
H3K4me3_peaks_Trynka	2.9050042198586445	2.9049474570562133	-5.676280243127607e-05	-0.0019539662642564792
H3K4me3_Trynka	2.4140936094580923	2.414032813814078	-6.0795644014177697e-05	-0.0025183631560898867
H3K4me3_Trynka.flanking.500	0.9810277615724061	0.9812161193009452	0.00018835772853909027	0.019200040602029844
H3K9ac_peaks_Trynka	3.1375122612520534	3.13811120637273	0.0005989451206764862	0.019089809721961615
H3K9ac_Trynka	2.694707553606578	2.694840356389446	0.00013280278286798008	0.0049282818348928
H3K9ac_Trynka.flanking.500	0.9704742776768146	0.9704747483170933	4.706402787491015e-07	4.8495904492185105e-05
Intron_UCSC	1.1283358713153455	1.1283262813936974	-9.589921648123223e-06	-0.0008499172889808726
Intron_UCSC.flanking.500	7.802175296033638	7.8022977350127425	0.00012243897910479973	0.001569292850511772
PromoterFlanking_Hoffman	1.1907942288581415	1.1902135061926065	-0.000580722665534994	-0.04876767551114103
PromoterFlanking_Hoffman.flanking.500	2.570689400129332	2.5705580884178105	-0.00013131171152158672	-0.0051080348919207985
Promoter_UCSC	3.053801529661697	3.053735935462422	-6.559419927532062e-05	-0.0021479522699263676
Promoter_UCSC.flanking.500	1.678810504067333	1.6793635366402528	0.0005530325729199426	0.03294192951379671
Repressed_Hoffman	0.6943408936137991	0.6943299569424458	-1.0936671353323213e-05	-0.0015751155453935795
Repressed_Hoffman.flanking.500	0.7483996078535404	0.7484249331488996	2.5325295359146516e-05	0.003383926861189046
SuperEnhancer_Hnisz	1.6981842232253963	1.6981831434931896	-1.0797322067546133e-06	-6.358157095265327e-05
SuperEnhancer_Hnisz.flanking.500	1.0116523320343986	1.0109006198674402	-0.0007517121669584625	-0.07430538567007039
TFBS_ENCODE	2.201315912442873	2.201426750651209	0.00011083820833590607	0.00503508868079372
TFBS_ENCODE.flanking.500	1.0155483043067914	1.0155912204666222	4.291615983076369e-05	0.004225910244626263
Transcr_Hoffman	1.1692218180886187	1.1692205628563412	-1.2552322774528335e-06	-0.00010735621402968576
Transcr_Hoffman.flanking.500	0.7197773044772302	0.7197364619305803	-4.084254664993292e-05	-0.0056743309904128125
TSS_Hoffman	5.636698961231683	5.636920689411425	0.0002217281797420867	0.003933653034637885
TSS_Hoffman.flanking.500	2.471648266394782	2.4720424066737126	0.00039414027893069914	0.015946455015036776
UTR_3_UCSC	5.8076556093307685	5.807909565690183	0.0002539563594146088	0.004372786137785134
UTR_3_UCSC.flanking.500	2.6181313632607237	2.617176720248153	-0.000954643012570866	-0.036462762180955455
UTR_5_UCSC	5.500309058527325	5.50089297063921	0.0005839121118853541	0.010615987314022135
UTR_5_UCSC.flanking.500	2.8515902664091466	2.851470689263643	-0.000119577145503591	-0.004193349476333541
WeakEnhancer_Hoffman	1.9268136331420933	1.9266877787685348	-0.00012585437355849827	-0.0065317356797600645
WeakEnhancer_Hoffman.flanking.500	1.4417375201367812	1.441705268764508	-3.225137227325092e-05	-0.0022369794655974218
GERP.NS	1.8941176848535561	1.8940988144307123	-1.887042284387519e-05	-0.0009962645401984105
GERP.RSsup4	12.396722729364683	12.39716141412899	0.0004386847643065295	0.0035387156257726815
MAFbin1	0.5602420515830226	0.5602665732540555	2.4521671032839976e-05	0.004376977944353655
MAFbin2	0.7416440920969514	0.7416351912553086	-8.900841642733859e-06	-0.0012001500096281426
MAFbin3	0.7662849212608601	0.7662935017151586	8.580454298523499e-06	0.0011197472455037882
MAFbin4	0.925686211398409	0.9256138395946397	-7.237180376928887e-05	-0.007818178868623793
MAFbin5	1.3749116382524353	1.3750875468144557	0.00017590856202032157	0.012794172158137052
MAFbin6	1.3052091355178936	1.3051863574565201	-2.2778061373518455e-05	-0.001745165640787416
MAFbin7	1.707791150594284	1.7077970734454047	5.922851120665484e-06	0.00034681355027821326
MAFbin8	1.5327899990528149	1.532780986321478	-9.012731336799362e-06	-0.0005879951814891093
MAFbin9	1.6528110737745338	1.6528286813836588	1.7607609124947743e-05	0.0010653128723836502
MAFbin10	1.6832357809900411	1.6832385238037595	2.742813718370485e-06	0.00016294887201784292
MAF_Adj_Predicted_Allele_Age	-53.06772802624021	-53.06363193251618	0.00409609372402997	-0.007718615204332924
MAF_Adj_LLD_AFR	17.739420352940872	17.738586405951082	-0.00083394698978978	-0.004701094924175475
Recomb_Rate_10kb	0.9092156585108608	0.9092261871163656	1.0528605504767086e-05	0.001157987701394525
Nucleotide_Diversity_10kb	0.843502332233837	0.8435112285412819	8.896307444938856e-06	0.0010546867631466839
Backgrd_Selection_Stat	1.4059462634500908	1.405933771295154	-1.2492154936705191e-05	-0.000888522930175828
CpG_Content_50kb	1.2105660972644576	1.2105685052616797	2.4079972220647505e-06	0.00019891497271551373
MAF_Adj_ASMC	35.18315836918751	35.1828605969886	-0.00029777219891258255	-0.0008463486870224912
GTEx_eQTL_MaxCPP	4.250189328285921	4.249852697727937	-0.00033663055798349717	-0.00792036617623948
BLUEPRINT_H3K27acQTL_MaxCPP	2.393353700259767	2.3933206657114012	-3.3034548365673544e-05	-0.0013802618627600793
BLUEPRINT_H3K4me1QTL_MaxCPP	2.7688297022100223	2.7685833800605484	-0.00024632214947395425	-0.008896254951229476
BLUEPRINT_DNA_methylation_MaxCPP	2.857500399016673	2.85759764501032	9.724599364702158e-05	0.0034031839043935364
synonymous	2.9271257984988703	2.927014915117743	-0.00011088338112719143	-0.0037881317292209893
non_synonymous	17.916922462789135	17.916577550942016	-0.00034491184711882283	-0.0019250618951693887
Conserved_Vertebrate_phastCons46way	8.375940354822315	8.37631250732989	0.00037215250757505203	0.004443113152796663
Conserved_Vertebrate_phastCons46way.flanking.500	1.22547830961332	1.2253378485018902	-0.00014046111142973494	-0.011461737864137955
Conserved_Mammal_phastCons46way	9.906148296916443	9.906266877721452	0.00011858080500815049	0.0011970424977914007
Conserved_Mammal_phastCons46way.flanking.500	1.408386425384613	1.408209222776262	-0.00017720260835107915	-0.01258195940809781
Conserved_Primate_phastCons46way	11.30625150588515	11.30614758666038	-0.00010391922477026583	-0.0009191306660438769
Conserved_Primate_phastCons46way.flanking.500	2.2024415210669654	2.2024428806089285	1.3595419630085814e-06	6.172885635979952e-05
BivFlnk	6.126309160405275	6.126256523963457	-5.263644181763283e-05	-0.0008591868356555565
BivFlnk.flanking.500	2.6649207564190767	2.6650004372709044	7.968085182774587e-05	0.0029899895385598896
Human_Promoter_Villar	5.6205996925537685	5.620703980176225	0.00010428762245684453	0.001855453655497108
Human_Promoter_Villar.flanking.500	1.3103537759767114	1.3099059721292603	-0.00044780384745113366	-0.034174270770304105
Human_Enhancer_Villar	1.8127145736798065	1.8127502989316242	3.5725251817719794e-05	0.001970815060259312
Human_Enhancer_Villar.flanking.500	0.9378407763965311	0.9372130674850526	-0.0006277089114784529	-0.0669312880476669
Ancient_Sequence_Age_Human_Promoter	13.62093311721484	13.621668076608557	0.0007349593937178156	0.005395807962593757
Ancient_Sequence_Age_Human_Promoter.flanking.500	4.391551098042281	4.391621388304704	7.029026242300063e-05	0.0016005794047257993
Ancient_Sequence_Age_Human_Enhancer	4.914970934601123	4.9153748436780464	0.0004039090769234477	0.008217934191234733
Ancient_Sequence_Age_Human_Enhancer.flanking.500	2.240791222766103	2.240344879903751	-0.0004463428623520116	-0.019918984768296788
Human_Enhancer_Villar_Species_Enhancer_Count	2.5707074113914627	2.5706987052338386	-8.706157624160937e-06	-0.00033866777625624067
Human_Promoter_Villar_ExAC	11.124789607739345	11.124077142317361	-0.0007124654219836657	-0.006404304684448636
Human_Promoter_Villar_ExAC.flanking.500	0.5993806606259072	0.6083313298892021	0.008950669263294908	1.4933196633251544
